"Time (s)"	"Acceleration (m/sÂ²)"
4.997945000E-2	7.283606052E0
9.997530500E-2	6.889159775E0
1.499722660E-1	7.002071953E0
1.999700430E-1	5.691106796E0
2.499680770E-1	3.498591423E0
2.999664630E-1	8.935096741E-1
3.399667960E-1	9.206771851E-3
3.799671290E-1	-1.443085670E-1
4.199673280E-1	-1.247887611E-1
4.699664270E-1	-1.374897003E-1
5.099664270E-1	-1.316697598E-1
5.499664270E-1	-2.904343605E-2
5.899667600E-1	-4.956245422E-3
6.399664260E-1	-5.040359497E-3
6.899658240E-1	-8.402061462E-2
7.399656570E-1	-1.764997482E-1
7.799664570E-1	9.123563766E-2
8.199667900E-1	-1.618170738E-2
8.699664560E-1	-1.021177292E-1
9.099664560E-1	1.290845871E-2
9.499666220E-1	2.448964119E-2
9.999663540E-1	-6.701183319E-2
1.049966020E0	4.950809479E-2
1.089966353E0	-1.261463165E-1
1.129966753E0	6.161928177E-2
1.169966952E0	4.194378853E-2
1.209966952E0	-4.662561417E-2
1.259966785E0	2.322181702E-1
1.299966951E0	5.213754177E-1
1.339967316E0	4.071388245E-1
1.389967282E0	1.002464294E-2
1.439966247E0	1.556732178E-1
1.489966080E0	5.759069443E-1
1.529966413E0	7.138037682E-1
1.569966746E0	5.512497425E-1
1.619966412E0	3.920375824E-1
1.659966412E0	4.439005852E-1
1.709966278E0	8.551612854E-1
1.749966844E0	6.253957748E-1
1.789966844E0	4.381914139E-1
1.829967143E0	3.182606697E-1
1.879966775E0	6.005048752E-1
1.919966941E0	4.103567600E-1
1.959966941E0	5.410244465E-1
2.009966774E0	4.753610611E-1
2.059966474E0	4.087602615E-1
2.109965840E0	5.704469681E-1
2.149965873E0	5.997517109E-1
2.189965873E0	4.687614441E-1
2.229966039E0	6.060435772E-1
2.269966039E0	4.580066204E-1
2.309966705E0	4.329569340E-1
2.349966705E0	7.488458157E-1
2.399966271E0	4.439117432E-1
2.439966437E0	4.227943420E-1
2.479966437E0	5.848577023E-1
2.529965669E0	2.481327057E-1
2.569966002E0	5.082702637E-1
2.619966001E0	4.627340317E-1
2.660032667E0	4.231104851E-1
2.700165965E0	6.347031593E-1
2.740299130E0	7.008981705E-1
2.780432462E0	4.898514748E-1
2.820566894E0	4.071607590E-1
2.860699926E0	5.434148312E-1
2.900832892E0	4.606633186E-1
2.940965791E0	3.327255249E-1
2.980966124E0	4.443531036E-1
3.020966156E0	4.464521408E-1
3.060966789E0	2.739663124E-1
3.100967455E0	2.518527508E-1
3.150966386E0	6.051897049E-1
3.200966419E0	5.063095093E-2
3.242981188E0	-1.207923889E-2
3.292980854E0	3.808469772E-1
3.332981320E0	3.747146130E-1
3.382980985E0	-2.228809357E-1
3.432981350E0	2.455570221E-1
3.472981416E0	3.878762722E-1
3.522981082E0	3.447423935E-1
3.572980915E0	2.747301102E-1
3.612981248E0	-1.498436928E-1
3.662980480E0	-5.597583771E-1
3.702980813E0	-2.621929646E-1
3.752980712E0	-2.952377319E-1
3.792980712E0	-5.535817146E-2
3.832980712E0	4.113817215E-2
3.872981578E0	2.122223377E-1
3.922980910E0	1.771800995E-1
3.962982009E0	4.294412136E-1
4.012981675E0	-1.254310608E-2
4.052981708E0	-2.849495411E-1
4.092982374E0	-2.040457726E-2
4.132982374E0	-2.481484413E-1
4.172982374E0	-2.545580864E-1
4.212982707E0	2.856154442E-1
4.262982039E0	1.259181976E-1
4.302982039E0	-6.051993370E-2
4.352982038E0	2.849349976E-2
4.402981370E0	6.350002289E-2
4.452981369E0	1.566251755E-1
4.492981369E0	-1.021552086E-1
4.542981035E0	-3.108526230E-1
4.582981368E0	-4.435300827E-2
4.622981701E0	-6.865978241E-3
4.672981367E0	7.309932709E-2
4.712981700E0	-1.509833336E-2
4.762981666E0	-1.024749756E-1
4.802981999E0	2.144591808E-1
4.842982332E0	3.035607338E-1
4.882982332E0	-1.160113811E-1
4.932982331E0	-1.526222229E-1
4.972982664E0	2.085337639E-1
5.022982330E0	1.037624359E-1
5.072982030E0	-1.516651154E-1
5.122982029E0	-1.550600052E-1
5.172981695E0	-1.071514130E-1
5.212982028E0	-1.022198200E-1
5.262981660E0	3.370481491E-1
5.302981993E0	-1.313664913E-1
5.342982326E0	-3.233611584E-1
5.382982326E0	7.637929916E-2
5.432981992E0	9.780254364E-2
5.472982325E0	1.119470596E-1
5.522982024E0	-2.219314575E-2
5.562982024E0	-2.316370010E-1
5.602982357E0	-9.601521492E-2
5.642982357E0	9.949207306E-2
5.682982357E0	2.033386230E-1
5.722982657E0	-3.271293640E-2
5.772981989E0	-1.663341522E-1
5.812981989E0	6.806325912E-2
5.862981988E0	2.632324219E-1
5.912981320E0	-1.555824280E-2
5.952981653E0	-3.385725021E-1
5.992981653E0	4.863929749E-2
6.032981686E0	2.584228516E-1
6.072982019E0	2.098035812E-2
6.112982352E0	-3.084659576E-1
6.162982018E0	-4.051614761E-1
6.202982351E0	8.358907700E-2
6.252981983E0	1.123714447E-1
6.292981983E0	-6.776499748E-2
6.332981983E0	1.865873337E-1
6.372982316E0	3.784596920E-1
6.422982315E0	-1.603963852E-1
6.462982648E0	-3.706126213E-1
6.512982314E0	1.986644745E-1
6.562982014E0	1.086053848E-1
6.602982347E0	-3.913006783E-1
6.652982013E0	1.183166504E-2
6.692982013E0	2.564885616E-1
6.732982312E0	-5.177927017E-2
6.782982311E0	-4.717102051E-2
6.822982311E0	1.609325409E-1
6.862982644E0	1.357164383E-1
6.912981976E0	-9.940071106E-2
6.952982309E0	-1.836829185E-1
6.992982309E0	-2.523584366E-1
7.042982008E0	4.793796539E-2
7.082982008E0	1.584100723E-1
7.122982341E0	-2.681016922E-3
7.162982341E0	-1.953308582E-1
7.202982674E0	-6.481051445E-2
7.242982674E0	1.644248962E-1
7.292982006E0	-1.945041656E-1
7.342982005E0	-3.987884521E-2
7.392981637E0	2.382846832E-1
7.432981637E0	3.165869713E-1
7.482981636E0	5.313873291E-2
7.522981636E0	-2.382986546E-1
7.562981969E0	1.335787773E-2
7.602982302E0	8.972001076E-2
7.652981968E0	-1.514789581E-1
7.702982001E0	-1.950151443E-1
7.742982301E0	1.504175663E-1
7.792981967E0	8.318595886E-2
7.842981966E0	-3.122900009E-1
7.882981966E0	-5.670785904E-2
7.932981965E0	4.532268524E-1
7.972982298E0	-1.382350922E-3
8.022981964E0	-3.417222977E-1
8.072981664E0	2.935556412E-1
8.112982330E0	1.689286232E-1
8.162981996E0	-1.395395279E-1
8.202982329E0	-2.763853073E-1
8.252981961E0	-1.823463440E-1
8.292982294E0	1.060283184E-1
8.332982294E0	1.995356083E-1
8.372982627E0	-6.944131851E-2
8.422981959E0	-7.794113159E-2
8.462982292E0	1.040716171E-1
8.512981958E0	1.429855347E-1
8.562981658E0	1.241416931E-1
8.602981991E0	-2.333149910E-1
8.642981991E0	-2.592241764E-1
8.682981991E0	-2.495079041E-1
8.722982324E0	2.202444077E-1
8.772981656E0	1.236688614E-1
8.812981656E0	-2.955722809E-1
8.852982322E0	-2.319574356E-2
8.902981954E0	6.863079071E-2
8.942981954E0	1.046926975E-1
8.982982287E0	9.106230736E-2
9.022982287E0	6.486892700E-3
9.062982620E0	-1.728606224E-1
9.102982953E0	5.190181732E-2
9.152982285E0	1.251758575E-1
9.202982318E0	-1.624565125E-2
9.252981650E0	-5.911388397E-2
9.292981650E0	-1.510531902E-1
9.332981650E0	-1.346735954E-1
9.372981983E0	-3.087425232E-2
9.422981982E0	3.134002686E-2
9.462982315E0	2.100334167E-1
9.512981981E0	-1.227754593E-1
9.552981981E0	1.124143600E-3
9.592982314E0	1.750016212E-1
9.632982314E0	3.038907051E-2
9.682981980E0	-1.022964478E-1
9.722982279E0	-1.116907597E-1
9.772981945E0	-1.184217453E-1
9.812982278E0	-1.394057274E-2
9.852982611E0	1.421849728E-1
9.902981943E0	-1.125471115E-1
9.942981943E0	-3.279471397E-2
9.982982276E0	3.141517639E-1
1.003298198E1	1.889019012E-2
1.007298198E1	-1.807920933E-1
1.011298231E1	-6.215858459E-2
1.015298231E1	9.134101868E-2
1.019298231E1	-1.471335888E-1
1.023298264E1	-7.546925545E-2
1.028298197E1	-2.560043335E-3
1.033298164E1	-1.620910645E-1
1.037298197E1	1.080350876E-1
1.042298160E1	1.393325806E-1
1.046298194E1	-1.000702381E-1
1.050298194E1	-1.325800419E-1
1.054298194E1	-1.006317139E-2
1.058298227E1	5.240440369E-3
1.062298260E1	1.051542759E-1
1.067298227E1	1.086095810E-1
1.071298230E1	-2.717442513E-1
1.076298190E1	7.466411591E-2
1.081298187E1	1.537134171E-1
1.085298217E1	-4.947614670E-2
1.090298183E1	-1.984495163E-1
1.094298213E1	-7.331323624E-2
1.098298243E1	3.191280365E-2
1.103298210E1	6.195125580E-2
1.108298183E1	1.208957672E-1
1.112298220E1	-1.254386902E-1
1.117298186E1	-1.007499695E-1
1.121298216E1	2.340791225E-1
1.126298183E1	-2.153432846E-1
1.130298213E1	3.281307220E-2
1.134298243E1	2.475094795E-1
1.138298243E1	-4.394333363E-1
1.143298176E1	-4.319446564E-1
1.147298206E1	6.479930878E-2
1.152298183E1	9.437332153E-2
1.157298146E1	1.422931671E-1
1.161298176E1	2.281289101E-1
1.165298176E1	2.614514828E-1
1.169298176E1	2.237911224E-1
1.173298209E1	3.220014572E-1
1.178298149E1	-1.383701324E-1
1.183298116E1	-3.891586304E-1
1.187298183E1	-1.708211899E-1
1.192298153E1	-2.423233032E-1
1.196298156E1	-2.557601929E-1
1.201298152E1	3.686210632E-1
1.205298152E1	2.806839943E-1
1.209298216E1	-4.123520851E-2
1.213298216E1	7.894420624E-2
1.218298156E1	-2.814922333E-2
1.222298186E1	-2.459247112E-1
1.227298152E1	-9.346790314E-2
1.231298152E1	-1.513237953E-1
1.235298182E1	-1.180272102E-1
1.240298182E1	1.698045731E-1
1.244298212E1	1.013212204E-1
1.248298242E1	-4.884719849E-3
1.253298212E1	1.388479233E-1
1.257298212E1	6.626534462E-2
1.261298242E1	-5.018210411E-2
1.266298212E1	-6.989002228E-2
1.271298212E1	2.083320618E-2
1.276298179E1	1.023843765E-1
1.280298209E1	-3.736863136E-1
1.284298239E1	-2.344572544E-1
1.288298239E1	1.674232483E-1
1.293298179E1	8.711433411E-2
1.297298209E1	-6.905174255E-2
1.302298179E1	9.108104706E-2
1.306298179E1	3.778696060E-2
1.310298209E1	-2.302837372E-2
1.314298209E1	2.341933250E-1
1.318298209E1	-1.911177635E-1
1.322298239E1	-3.456695080E-1
1.327298179E1	1.871391296E-1
1.331298179E1	6.865501404E-3
1.335298179E1	-2.079951763E-1
1.340298149E1	8.202018738E-2
1.344298149E1	5.672383308E-2
1.348298182E1	1.021528244E-1
1.352298182E1	4.504919052E-2
1.356298189E1	2.778172493E-2
1.360298219E1	-1.283221245E-1
1.365298189E1	-4.655685425E-1
1.370298192E1	-1.349390030E-1
1.375298128E1	4.495367050E-1
1.379298129E1	2.034809589E-1
1.383298128E1	-2.652943134E-1
1.387298182E1	-2.363595963E-1
1.392298182E1	2.449274063E-1
1.396298212E1	3.335392475E-1
1.401298178E1	-1.004726410E-1
1.405298178E1	-5.053300858E-1
1.409298208E1	-3.836076260E-1
1.413298208E1	7.038187981E-2
1.418298178E1	1.737638474E-1
1.422298208E1	3.395071030E-1
1.427298178E1	3.392028809E-3
1.431298208E1	-1.497800350E-1
1.435298238E1	1.720547676E-2
1.440298178E1	1.042911530E-1
1.444298178E1	-2.842617035E-2
1.448298208E1	-1.421470642E-1
1.453298148E1	-2.123273849E-1
1.457298148E1	-1.021573544E-1
1.461298201E1	1.354496479E-1
1.465298201E1	2.174544334E-2
1.469298201E1	5.197572708E-2
1.473298231E1	4.927182198E-2
1.478298171E1	-1.367549896E-2
1.482298171E1	-7.809281349E-2
1.486298205E1	-1.888847351E-2
1.491298155E1	5.829296112E-2
1.495298158E1	4.113698006E-2
1.499298158E1	-2.103767395E-1
1.504298128E1	5.319766998E-2
1.508298131E1	8.955955505E-2
1.512298161E1	3.832626343E-2
1.517298128E1	-1.272708893E-1
1.522298128E1	-2.259284973E-1
1.527298124E1	2.277633667E-1
1.531298154E1	7.453417778E-2
1.535298184E1	-1.462459564E-2
1.539298184E1	-1.147313118E-1
1.543298214E1	2.740025520E-2
1.547298244E1	9.342193604E-3
1.552298211E1	5.399684906E-2
1.556298211E1	-1.432271004E-1
1.560298248E1	-2.137403488E-1
1.565298218E1	-9.979324341E-2
1.569298218E1	9.181165695E-2
1.573298251E1	1.429255009E-1
1.578298254E1	-1.071891785E-2
1.582298254E1	-1.873822212E-1
1.587298227E1	1.255641937E-1
1.592298161E1	9.801139832E-2
1.596298187E1	4.476833344E-2
1.601298154E1	-1.212308884E-1
1.605298157E1	-5.352020264E-2
1.609298190E1	1.526463032E-1
1.613298190E1	-7.893991470E-2
1.617298220E1	-9.296607971E-2
1.621298250E1	1.248896122E-1
1.626298190E1	-5.607051849E-2
1.630298190E1	-1.849145889E-1
1.635298190E1	1.285249710E-1
1.640298154E1	4.256744385E-2
1.645298180E1	-3.412054062E-1
1.649298180E1	2.028415203E-1
1.653298180E1	3.468234539E-1
1.657298213E1	6.204986572E-2
1.661298243E1	-2.140936852E-1
1.666298210E1	-1.958272934E-1
1.670298213E1	1.298437119E-1
1.674298213E1	3.041422367E-1
1.679298183E1	-4.667816162E-2
1.683298187E1	-4.103963375E-1
1.688298186E1	-9.343910217E-2
1.692298186E1	4.708862305E-2
1.696298193E1	7.599830627E-3
1.701298160E1	2.988719940E-2
1.706298130E1	9.911346436E-2
1.711298130E1	1.645185471E-1
1.716298126E1	-7.261695862E-2
1.720298156E1	-2.830500603E-1
1.725298120E1	-2.274576187E-1
1.729298150E1	8.594918251E-2
1.733298150E1	1.518478394E-1
1.737298153E1	7.081365585E-2
1.742298119E1	-2.042486191E-1
1.746298156E1	-2.512702942E-1
1.751298126E1	3.676197052E-1
1.755298159E1	2.079918385E-1
1.759298159E1	-2.194242477E-1
1.763298159E1	-2.115879059E-1
1.768298156E1	-5.784549713E-2
1.772298186E1	3.843216896E-1
1.777298119E1	1.070735931E-1
1.781298119E1	-6.919755936E-1
1.786298116E1	-2.064456940E-1
1.791298086E1	5.763969421E-1
1.795298146E1	2.468469143E-1
1.799298146E1	-3.350143433E-1
1.804298116E1	-2.553560257E-1
1.808298146E1	1.503319740E-1
1.812298176E1	2.475609779E-1
1.817298146E1	-9.570541382E-2
1.821298176E1	-1.963553429E-1
1.826298142E1	6.264972687E-2
1.830298172E1	-2.105920315E-1
1.834298202E1	-1.595654488E-1
1.838298202E1	4.460816383E-1
1.842298206E1	1.325840950E-1
1.846298239E1	-3.345372677E-1
1.851298209E1	-1.211910248E-2
1.856298182E1	2.388868332E-1
1.860298212E1	-1.200706959E-1
1.865298182E1	-2.603994370E-1
1.869298186E1	-2.503361702E-1
1.873298212E1	4.183769226E-2
1.878298209E1	2.716489792E-1
1.882298209E1	-1.185774803E-2
1.886298242E1	-1.576347351E-1
1.891298182E1	8.713836670E-2
1.895298212E1	-2.653837204E-2
1.900298179E1	1.040014267E-1
1.904298182E1	-8.226633072E-2
1.908298182E1	-2.963285446E-1
1.912298212E1	-3.011083603E-2
1.917298208E1	1.606391907E-1
1.921298242E1	-4.171276093E-2
1.926298182E1	2.517942429E-1
1.930298182E1	-1.120829582E-2
1.935298178E1	-2.096542358E-1
1.940298148E1	1.038925171E-1
1.944298148E1	-1.747529507E-1
1.948298178E1	-3.143382072E-1
1.953298175E1	1.318141937E-1
1.957298205E1	3.427839279E-2
1.961298208E1	-1.675677299E-2
1.966298178E1	3.209938049E-1
1.970298178E1	-1.255226135E-2
1.975298145E1	-2.040666580E-1
1.979298145E1	6.220841408E-2
1.983298148E1	-2.818989754E-2
1.987298148E1	-1.758484840E-1
1.992298175E1	-1.315845490E-1
1.996298181E1	2.227187157E-2
2.001298151E1	2.548986435E-1
2.006298125E1	7.109069824E-2
2.011298121E1	-3.347721100E-2
2.016298125E1	-4.064483643E-2
2.020298158E1	-4.043936729E-2
2.025298148E1	-2.851543427E-2
2.029298181E1	-1.298775673E-1
2.033298181E1	-2.186367512E-1
2.037298211E1	-2.990674973E-2
2.042298181E1	1.242109299E-1
2.046298208E1	2.188675404E-1
2.051298174E1	-3.890018463E-2
2.055298178E1	-1.109960079E-1
2.059298204E1	1.253151894E-1
2.063298204E1	5.021572113E-2
2.067298204E1	-6.435322762E-2
2.071298238E1	-2.701120377E-1
2.076298178E1	-4.361820221E-2
2.080298178E1	1.196599007E-1
2.084298178E1	7.063555717E-2
2.088298181E1	-1.461052895E-2
2.093298151E1	-4.123687744E-4
2.097298184E1	-8.832216263E-2
2.101298184E1	2.182245255E-2
2.105298184E1	1.527132988E-1
2.109298247E1	-1.510448456E-1
2.113298247E1	-3.394725323E-1
2.118298184E1	8.961067200E-2
2.122298217E1	2.209362984E-1
2.127298184E1	-2.820669174E-1
2.132298150E1	1.282798767E-1
2.136298184E1	4.051613808E-1
2.141298150E1	-2.832893372E-1
2.145298210E1	-2.613337040E-1
2.149298210E1	3.555059433E-2
2.154298147E1	1.644498825E-1
2.158298147E1	1.383888721E-1
2.162298214E1	-3.921985626E-1
2.167298184E1	-3.531866074E-1
2.171298214E1	1.954870224E-1
2.176298154E1	5.124654770E-1
2.180298184E1	-2.196338177E-1
2.184298217E1	-2.840330601E-1
2.188298217E1	-1.536679268E-2
2.193298150E1	1.605255127E-1
2.198298150E1	7.590484619E-3
2.202298153E1	5.164003372E-2
2.206298153E1	7.408499718E-2
2.210298157E1	-3.749053478E-1
2.215298080E1	-1.886079788E-1
2.219298080E1	2.027304173E-1
2.223298110E1	3.099913597E-1
2.228298076E1	-1.064550400E-1
2.233298043E1	-2.753944397E-1
2.237298073E1	-1.057481766E-2
2.242298070E1	2.581581116E-1
2.246298173E1	3.403947353E-1
2.251298143E1	-2.607711792E-1
2.255298143E1	-5.083088875E-1
2.259298180E1	1.360764503E-1
2.263298180E1	3.080284595E-1
2.268298120E1	3.112716675E-2
2.272298150E1	5.534434319E-2
2.277298090E1	3.109340668E-2
2.281298123E1	-4.121196270E-1
2.285298153E1	-5.412721634E-2
2.290298150E1	4.709926605E-1
2.294298183E1	-5.764245987E-2
2.298298213E1	-5.569481850E-1
2.303298183E1	-9.620990753E-2
2.307298183E1	3.566815853E-1
2.311298216E1	3.296098709E-1
2.316298183E1	-1.431846619E-2
2.320298213E1	-3.811795712E-1
2.325298149E1	-2.029445648E-1
2.329298149E1	1.557018757E-1
2.333298149E1	7.558035851E-2
2.337298183E1	-8.253955841E-2
2.342298116E1	-1.359653473E-2
2.346298152E1	-1.203358173E-1
2.351298122E1	-6.505889893E-2
2.355298156E1	3.161716461E-1
2.359298186E1	2.916848660E-1
2.363298186E1	-4.731874466E-1
2.368298152E1	-5.234380722E-1
2.372298182E1	2.421400547E-1
2.377298116E1	4.801836014E-1
2.381298116E1	9.392166138E-2
2.386298115E1	-3.425859451E-1
2.390298115E1	-2.239725590E-1
2.394298149E1	4.370043278E-1
2.398298179E1	4.178438187E-1
2.403298149E1	-4.068954468E-1
2.407298182E1	-6.903648376E-1
2.411298215E1	-1.788992882E-1
2.416298182E1	4.068923950E-1
2.420298182E1	5.899128914E-1
2.425298145E1	1.161174774E-2
2.429298145E1	-3.271222115E-1
2.433298145E1	2.628755569E-2
2.437298175E1	-9.868383408E-3
2.442298142E1	-7.468585968E-2
2.446298172E1	-1.730918884E-3
2.451298142E1	-2.489488602E-1
2.456298115E1	5.660133362E-2
2.460298148E1	3.258001804E-1
2.465298115E1	-2.174573898E-1
2.469298115E1	8.521056175E-2
2.473298148E1	1.261610985E-1
2.478298118E1	-7.564411163E-2
2.482298118E1	-1.470806599E-1
2.486298152E1	-1.667411327E-1
2.491298118E1	-5.261459351E-2
2.495298148E1	6.284832954E-2
2.499298148E1	1.002924442E-1
2.504298148E1	-3.728713989E-2
2.508298148E1	2.272980213E-1
2.512298181E1	6.792473793E-2
2.516298181E1	-1.978182793E-1
2.520298215E1	-3.142783642E-1
2.524298215E1	-1.158692837E-1
2.529298155E1	2.818672180E-1
2.534298154E1	-1.195182800E-1
2.538298188E1	-4.589390755E-2
2.543298154E1	1.291124344E-1
2.547298184E1	1.146395206E-1
2.552298151E1	3.365097046E-2
2.556298184E1	1.461458206E-2
2.560298214E1	-1.615812778E-1
2.565298181E1	-2.011173248E-1
2.570298177E1	-3.568992615E-2
2.574298177E1	1.011991501E-1
2.579298144E1	-1.248069763E-1
2.583298177E1	-1.457464695E-1
2.587298207E1	2.852549553E-1
2.592298207E1	2.165300369E-1
2.596298240E1	-1.266133785E-1
2.601298211E1	-1.888105392E-1
2.606298181E1	-3.613090515E-2
2.610298207E1	1.804988384E-1
2.615298174E1	-8.465385437E-2
2.619298177E1	-2.102560997E-1
2.623298210E1	1.407146454E-3
2.628298207E1	1.716373444E-1
2.632298207E1	1.399068832E-1
2.636298240E1	-4.269289970E-2
2.641298180E1	-2.271905899E-1
2.645298214E1	-7.047796249E-2
2.650298147E1	1.397018433E-2
2.654298150E1	4.392147064E-2
2.658298153E1	-9.443473816E-2
2.662298187E1	-1.540524960E-1
2.666298187E1	9.627580643E-2
2.670298247E1	2.448580265E-1
2.674298247E1	7.614421844E-2
2.679298213E1	-1.818065643E-1
2.684298210E1	-8.552188873E-2
2.689298173E1	1.083589554E-1
2.693298173E1	-3.725121021E-1
2.698298173E1	-1.752170563E-1
2.702298176E1	4.856483936E-1
2.706298210E1	3.432416916E-1
2.710298243E1	-2.319061756E-1
2.715298213E1	-2.364276886E-1
2.720298216E1	1.825904846E-2
2.725298153E1	1.397533417E-1
2.729298153E1	4.399633408E-2
2.734298179E1	-2.637142181E-1
2.739298176E1	-9.755897522E-2
2.743298206E1	1.310853958E-1
2.747298236E1	1.109220982E-1
2.752298202E1	8.941650391E-4
2.756298202E1	-6.815052032E-2
2.760298203E1	-2.734048367E-1
2.765298172E1	1.627956390E-1
2.770298172E1	1.875112534E-1
2.775298112E1	-2.888271332E-1
2.779298112E1	1.104474068E-2
2.783298112E1	1.100583076E-1
2.787298142E1	1.919159889E-1
2.792298112E1	3.531589508E-2
2.796298139E1	-2.051255703E-1
2.801298109E1	-1.935331345E-1
2.805298139E1	1.363227367E-1
2.809298199E1	1.652445793E-1
2.813298199E1	-1.314187050E-1
2.817298199E1	-1.646158695E-1
2.821298232E1	-2.813816071E-2
2.826298172E1	1.711061478E-1
2.831298149E1	5.914020538E-2
2.835298149E1	-2.552964687E-1
2.840298122E1	-8.578815460E-2
2.844298126E1	-2.462148666E-2
2.848298159E1	2.563552856E-1
2.852298159E1	6.671023369E-2
2.856298192E1	3.239440918E-2
2.860298249E1	8.989739418E-2
2.865298219E1	-3.953966141E-1
2.870298219E1	-5.588874817E-2
2.875298179E1	4.154441833E-1
2.879298179E1	-1.637842655E-1
2.884298205E1	-7.391498566E-1
2.888298205E1	2.959680557E-2
2.892298235E1	4.795935154E-1
2.896298268E1	5.543308258E-1
2.901298235E1	-3.509521484E-4
2.906298208E1	-4.796922684E-1
2.910298245E1	-8.385372162E-2
2.915298215E1	3.562589645E-1
2.920298215E1	-5.934581757E-2
2.925298178E1	-2.304784775E-1
2.929298208E1	-1.556146145E-1
2.933298208E1	9.602236748E-2
2.937298238E1	2.808830738E-1
2.942298171E1	6.843147278E-2
2.946298204E1	-3.326976299E-1
2.951298171E1	-2.622131348E-1
2.955298178E1	2.184274197E-1
2.959298208E1	2.992696762E-1
2.963298208E1	-1.716291904E-1
2.968298178E1	-3.120494843E-1
2.972298208E1	1.383922100E-1
2.977298141E1	2.628444672E-1
2.981298141E1	2.153825760E-2
2.986298138E1	-1.883888245E-1
2.991298111E1	-2.381921768E-1
2.995298144E1	-1.014833450E-1
2.999298144E1	-8.645367622E-2
3.003298144E1	-4.497833252E-1
3.007298144E1	-2.483286858E-1
3.011298177E1	-9.155678749E-2
3.016298147E1	-4.687122345E-1
3.021298147E1	-3.062406540E-1
3.026298140E1	-2.409467697E-1
3.030298140E1	-3.157036304E-1
3.034298171E1	-4.776875973E-1
3.038298201E1	-5.095977783E-1
3.043298200E1	-3.801881790E-1
3.047298230E1	-4.529714584E-1
3.052298197E1	-5.237113953E-1
3.057298170E1	-7.098548889E-1
3.061298207E1	-4.062352180E-1
3.066298180E1	-3.982309341E-1
3.070298214E1	-5.880050659E-1
3.075298180E1	-2.807601929E-1
3.079298213E1	-4.171185493E-1
3.083298213E1	-3.656213284E-1
3.087298247E1	-4.007263184E-1
3.092298180E1	-7.797712326E-1
3.096298207E1	-4.302699566E-1
3.101298173E1	-5.401176453E-1
3.105298176E1	-4.627876282E-1
3.110298140E1	-2.599819183E-1
3.114298140E1	-7.138006687E-1
3.118298140E1	-4.287245274E-1
3.122298173E1	-5.408596992E-2
3.127298113E1	-6.634817123E-1
3.131298113E1	-6.395800114E-1
3.136298113E1	-2.763452530E-1
3.140298146E1	-5.735924244E-1
3.145298143E1	-7.765028000E-1
3.149298143E1	-3.911433220E-1
3.154298109E1	-2.813316345E-1
3.158298143E1	-5.019950867E-1
3.162298173E1	-5.593717098E-1
3.167298139E1	-5.030611038E-1
3.171298143E1	-2.158336639E-1
3.175298142E1	-4.109349251E-1
3.179298142E1	-6.751940250E-1
3.183298176E1	-2.349474430E-1
3.187298209E1	-2.036373615E-1
3.192298179E1	-3.055055618E-1
3.196298209E1	-4.503462315E-1
3.201298176E1	-2.318471909E-1
3.206298146E1	-5.808639526E-2
3.210298172E1	-2.200305462E-1
3.215298139E1	-2.179386139E-1
3.220298169E1	7.669982910E-2
3.224298199E1	-1.672077179E-2
3.229298169E1	-1.536958694E-1
3.233298169E1	-1.558659077E-1
3.237298202E1	-8.186864853E-2
3.242298142E1	-1.930440903E-1
3.246298179E1	-2.094295025E-1
3.251298145E1	-1.002574921E-1
3.255298149E1	-2.995049953E-1
3.259298215E1	-3.023533821E-1
3.263298215E1	1.387519836E-1
3.267298215E1	1.883530617E-1
3.271298249E1	-3.182976246E-1
3.276298182E1	-1.240819931E-1
3.280298182E1	2.243747711E-1
3.285298145E1	-4.923686981E-2
3.290298112E1	-2.757942200E-1
3.294298112E1	-1.066269875E-1
3.298298145E1	-3.861284256E-2
3.302298145E1	5.480217934E-2
3.306298178E1	-6.575441360E-2
3.310298211E1	-1.859385967E-1
3.315298215E1	-2.031993866E-2
3.320298211E1	1.308286667E-1
3.325298144E1	-1.180276871E-1
3.329298144E1	-2.227127552E-1
3.334298144E1	3.692302704E-2
3.339298108E1	-2.706909180E-2
3.343298108E1	-2.291975021E-1
3.347298141E1	-4.702949524E-2
3.352298111E1	1.522134781E-1
3.356298111E1	-1.164150238E-1
3.360298171E1	-1.037080288E-1
3.365298137E1	6.186370850E-2
3.369298137E1	-6.072998047E-3
3.373298167E1	-1.094458103E-1
3.378298164E1	-1.309213638E-1
3.382298164E1	1.307463646E-2
3.386298171E1	-3.140449524E-3
3.391298111E1	-1.104391098E-1
3.395298144E1	-8.691406250E-2
3.399298147E1	1.579923630E-1
3.403298147E1	1.179859638E-1
3.407298147E1	-1.583354473E-1
3.411298181E1	6.981444359E-2
3.415298204E1	1.045298576E-2
3.419298204E1	-7.409381866E-2
3.423298237E1	-1.354348660E-1
3.428298170E1	-1.588401794E-2
3.433298140E1	-4.256362915E-2
3.437298170E1	-5.694794655E-2
3.442298137E1	1.151199341E-1
3.446298167E1	-5.507159233E-2
3.451298164E1	-1.203081131E-1
3.455298164E1	9.954118729E-2
3.459298227E1	-1.363348961E-2
3.463298227E1	-1.535313129E-1
3.468298167E1	3.624534607E-2
3.472298197E1	7.535624504E-2
3.477298163E1	-4.041843414E-2
3.482298133E1	-8.265113831E-2
3.486298167E1	6.974077225E-2
3.491298133E1	-2.682819366E-2
3.495298193E1	-2.410674095E-2
3.499298193E1	6.003236771E-2
3.504298137E1	-7.195549011E-2
3.508298137E1	-3.546192646E-1
3.512298197E1	-3.007888794E-3
3.517298163E1	2.845628738E-1
3.521298193E1	-1.133244038E-1
3.526298160E1	-1.378053665E-1
3.530298190E1	1.589961052E-1
3.534298220E1	-4.417634010E-2
3.538298220E1	-1.222908497E-1
3.543298160E1	6.172752380E-2
3.547298190E1	-6.095004082E-2
3.552298163E1	-4.986171722E-2
3.556298163E1	1.104862690E-1
3.560298196E1	3.314161301E-2
3.564298196E1	-7.084631920E-2
3.568298196E1	-3.844571114E-2
3.572298230E1	5.540370941E-2
3.577298170E1	-5.794506073E-2
3.581298170E1	-2.780437469E-2
3.585298173E1	1.654314995E-2
3.590298143E1	-3.489818573E-2
3.594298143E1	-1.482219696E-1
3.598298173E1	-5.951333046E-2
3.603298140E1	1.020736694E-1
3.607298170E1	-6.719255447E-2
3.611298200E1	-3.946733475E-2
3.616298166E1	6.501789093E-2
3.621298163E1	-1.004291534E-1
3.626298129E1	-2.900276184E-2
3.630298159E1	9.823131561E-2
3.634298189E1	-8.214545250E-2
3.639298129E1	-1.390419006E-2
3.643298159E1	1.238608360E-2
3.647298189E1	-2.336025238E-2
3.652298159E1	-2.431297302E-2
3.657298133E1	-3.791732788E-2
3.661298133E1	-1.095056534E-2
3.666298133E1	-1.124668121E-2
3.670298166E1	1.749992371E-4
3.675298132E1	-3.068847656E-2
3.679298132E1	-6.070542336E-2
3.683298133E1	-4.805564880E-3
3.687298162E1	5.215311050E-2
3.692298132E1	-4.472484589E-2
3.696298163E1	9.478807449E-3
3.701298129E1	2.877941132E-2
3.706298102E1	-4.587402344E-2
3.710298166E1	-5.418324471E-2
3.715298136E1	4.134578705E-2
3.719298136E1	-6.483554840E-2
3.723298166E1	1.349782944E-2
3.728298106E1	3.658523560E-2
3.732298106E1	-1.935338974E-2
3.736298139E1	-7.539129257E-2
3.741298106E1	9.432525635E-2
3.745298136E1	-8.436679840E-2
3.749298136E1	-4.550433159E-2
3.753298136E1	-1.679897308E-3
3.757298166E1	1.243233681E-2
3.761298199E1	-3.245353699E-2
3.766298166E1	-4.848651886E-2
3.770298166E1	-5.238223076E-2
3.774298192E1	3.496360779E-2
3.779298162E1	-2.259330750E-2
3.783298165E1	-4.442358017E-2
3.787298195E1	-5.484485626E-2
3.792298195E1	3.417873383E-2
3.796298225E1	-1.217153072E-1
3.801298195E1	-1.045200348E-1
3.806298169E1	9.725627899E-2
3.810298202E1	-3.991532326E-2
3.815298172E1	1.143770218E-1
3.819298175E1	1.109523773E-1
3.823298205E1	7.443904877E-3
3.828298205E1	-1.187000275E-2
3.832298205E1	-1.275317669E-1
3.836298235E1	1.447391510E-2
3.841298168E1	-1.151000977E-1
3.845298202E1	1.434280872E-1
3.849298202E1	-1.711344719E-2
3.854298168E1	-2.434196472E-2
3.858298172E1	-8.834624290E-2
3.862298202E1	3.683257103E-2
3.866298205E1	1.020216942E-2
3.870298235E1	-3.247618675E-2
3.874298235E1	1.088144779E-1
3.879298168E1	7.912178040E-2
3.884298171E1	-3.446998596E-2
3.889298108E1	8.445930481E-2
3.893298108E1	-7.091355324E-2
3.897298138E1	-1.402175426E-1
3.901298141E1	-1.009743214E-1
3.905298141E1	-8.891201019E-2
3.909298171E1	4.188799858E-2
3.913298171E1	1.564183235E-1
3.918298138E1	2.445682526E-1
3.922298168E1	1.273663044E-1
3.927298131E1	1.440067291E-2
3.932298098E1	-5.086297989E-1
3.936298164E1	-4.232063293E-1
3.941298134E1	-1.308135986E-1
3.945298164E1	-7.634925842E-2
3.949298164E1	1.040322781E-1
3.954298108E1	3.161951065E-1
3.958298108E1	7.903933525E-2
3.962298168E1	2.010846138E-2
3.967298131E1	3.367099762E-2
3.971298164E1	-2.061009407E-1
3.976298134E1	4.606628418E-2
3.980298164E1	6.407308578E-2
3.984298177E1	9.060764313E-2
3.988298177E1	-4.059863091E-2
3.993298117E1	2.940292358E-2
3.997298154E1	-1.781570911E-1
4.002298151E1	-5.711746216E-3
4.006298151E1	-3.305506706E-2
4.010298187E1	-1.144597530E-1
4.014298204E1	-1.074590683E-1
4.018298204E1	1.335422993E-1
4.022298237E1	2.941012383E-2
4.027298170E1	-4.397506714E-2
4.031298170E1	2.108483315E-1
4.035298170E1	7.586312294E-2
4.040298104E1	2.652288437E-1
4.044298107E1	-6.776490211E-1
4.048298140E1	2.746315002E-1
4.053298137E1	-9.172248840E-2
4.057298170E1	-4.592089653E-1
4.062296115E1	2.478357951E-1
4.067295534E1	4.854930878E-1
4.072295287E1	-3.299242020E-1
4.077295035E1	3.266296387E-1
4.082294880E1	2.024845123E-1
4.087294754E1	1.365222931E-1
4.091294787E1	3.805849552E-1
4.096294747E1	-1.829860687E-1
4.101294713E1	1.531772614E-1
4.105294733E1	2.792758942E-1
4.109294767E1	-2.621347904E-1
4.114294737E1	2.516384125E-2
4.118294737E1	2.085566521E-1
4.123294780E1	-1.442916870E-1
4.128294776E1	1.683885574E-1
4.133294776E1	-1.520919800E-2
4.137294816E1	-8.778405190E-2
4.141294816E1	1.405549049E-2
4.146294816E1	2.107360840E-1
4.151294799E1	-1.781970978E-1
4.155294833E1	-1.605916023E-1
4.159294956E1	-2.713007927E-1
4.164294922E1	-8.134178162E-1
4.169294849E1	6.253566742E-2
4.173294882E1	1.264538765E-1
4.178294862E1	-9.435802460E-1
4.182294866E1	-4.570004940E-1
4.187294799E1	5.301837921E-2
4.192294742E1	-4.344978333E-1
4.196294775E1	-2.728576660E-1
4.201294732E1	-6.949821472E-1
4.205294732E1	-7.119400501E-1
4.209294739E1	-3.831770420E-1
4.214294712E1	-4.574060440E-1
4.218294712E1	-3.750257492E-1
4.223294699E1	-6.665197372E-1
4.228294632E1	-6.653102875E-1
4.232294742E1	-4.852199554E-2
4.237294742E1	-6.509706497E-1
4.241294765E1	-7.455101013E-1
4.245294798E1	-2.334525585E-1
4.249294798E1	-4.353063107E-1
4.254294765E1	-5.075206757E-1
4.258294798E1	-1.848173141E-1
4.263294724E1	-7.856412888E-1
4.267294724E1	-6.298458576E-1
4.271294728E1	-8.792328835E-2
4.275294728E1	-4.883840084E-1
4.279294728E1	-7.154917717E-1
4.283294774E1	-5.181810856E-1
4.288294771E1	-3.623664856E-1
4.292294771E1	-5.843052864E-1
4.297294768E1	-5.552143097E-1
4.302294734E1	-3.838371277E-1
4.307294734E1	-5.564840317E-1
4.311294734E1	-4.908792973E-1
4.316294704E1	-5.436538696E-1
4.320294751E1	-4.289405346E-1
4.324294751E1	-5.706298351E-1
4.328294794E1	-3.554010391E-1
4.332294800E1	-2.903993130E-1
4.337294797E1	-4.738670349E-1
4.342294764E1	-3.507080078E-1
4.346294797E1	-1.113746166E-1
4.351294727E1	-5.128879547E-1
4.355294760E1	-3.240234852E-1
4.360294706E1	5.822563171E-2
4.365294670E1	-3.199157715E-1
4.369294670E1	-3.235259056E-1
4.373294736E1	1.675913334E-1
4.378294736E1	-3.468164444E-1
4.382496869E1	-1.699600220E-1
4.387496835E1	2.864040375E-1
4.391496882E1	-2.897820473E-1
4.395496912E1	-4.154729843E-2
4.399496912E1	1.922445297E-1
4.404496845E1	-1.634923935E-1
4.409496845E1	1.795057297E-1
4.414496762E1	1.459142685E-1
4.418496762E1	-5.320253372E-1
4.422496798E1	1.040577888E-2
4.427496728E1	3.007410049E-1
4.431496735E1	-1.946170330E-1
4.435496735E1	-1.201343536E-2
4.440496701E1	1.947996140E-1
4.444496701E1	-1.187801361E-1
4.448496734E1	-1.381919384E-1
4.453496701E1	4.633083344E-2
4.457496771E1	-2.317667007E-3
4.462496764E1	1.580526352E-1
4.466496764E1	-2.687854767E-1
4.470496798E1	-2.601196766E-1
4.474496798E1	1.158261299E-1
4.479496764E1	2.248886108E-1
4.483496798E1	-2.600765228E-2
4.488496764E1	2.298297882E-2
4.492496764E1	-1.767382622E-1
4.496496798E1	-8.023667336E-2
4.501496764E1	2.941091537E-1
4.505496764E1	-2.024545670E-1
4.509496797E1	-2.821838856E-1
4.514496764E1	1.764043808E-1
4.518496764E1	9.080171585E-3
4.522496797E1	2.312376499E-1
4.527496764E1	1.882379532E-1
4.531496797E1	-4.330017567E-1
4.535496797E1	-4.744172096E-1
4.540496764E1	6.035051346E-1
4.544496764E1	2.015120983E-1
4.548496767E1	-8.653783798E-2
4.553496734E1	-2.339399338E-1
4.557496767E1	-3.245346546E-1
4.562496734E1	3.086572647E-1
4.566496734E1	2.523841858E-1
4.570496767E1	-2.713263035E-1
4.574496767E1	-1.836719513E-1
4.579496764E1	3.573284149E-1
4.583496770E1	5.088043213E-2
4.588496737E1	-4.055292130E-1
4.592496737E1	3.637821674E-1
4.596496740E1	2.707312107E-1
4.601496737E1	-4.492477417E-1
4.605496737E1	-1.950798035E-1
4.609496770E1	2.530159950E-1
4.614496763E1	4.977308273E-1
4.618496763E1	-1.718878746E-1
4.622496797E1	-2.819411755E-1
4.627496793E1	-7.984504700E-2
4.631496796E1	3.795950413E-1
4.635496796E1	1.282596588E-1
4.640496763E1	-5.243873596E-1
4.644496763E1	-4.675030708E-2
4.648496796E1	2.651462555E-1
4.653496763E1	1.626739502E-1
4.657496796E1	-5.813169479E-2
4.662496763E1	-3.988647461E-2
4.666496763E1	2.231802940E-1
4.670496796E1	-8.325290680E-2
4.674496796E1	-2.002267838E-1
4.679496763E1	1.678848267E-3
4.683496796E1	3.071069717E-2
4.688496763E1	2.854537964E-2
4.692496763E1	-3.009891510E-2
4.696496796E1	-2.497076988E-2
4.701496763E1	-2.590560913E-3
4.705496762E1	1.565537453E-1
4.709496796E1	-4.899835587E-2
4.714496762E1	-8.620395660E-2
4.718496762E1	7.438945770E-2
4.722496796E1	-1.717836857E-1
4.727496762E1	-1.188295364E-1
4.731496796E1	9.543180466E-2
4.735496796E1	3.159651756E-1
4.740496762E1	-4.641532898E-2
4.744496762E1	-2.781662941E-1
4.749496752E1	2.384891510E-2
4.754496719E1	1.378229141E-1
4.758496785E1	-2.283518314E-1
4.763496782E1	-1.230979919E-1
4.767496782E1	1.778225899E-1
4.771496815E1	1.610000134E-1
4.775496825E1	-6.472778320E-2
4.779496825E1	2.111380100E-1
4.783496859E1	-1.894543171E-1
4.788496792E1	2.544612885E-2
4.793496762E1	-6.834106445E-2
4.797496795E1	-2.937691212E-1
4.802496762E1	4.852790833E-2
4.806496795E1	-7.614064217E-2
4.810496795E1	5.053353310E-2
4.815496762E1	3.198225021E-1
4.819496795E1	1.500194073E-1
4.823496828E1	-1.940877438E-1
4.828496795E1	-1.440168381E-1
4.832496828E1	-1.178309917E-1
4.837496795E1	6.037139893E-3
4.841496795E1	4.331111908E-3
4.845496828E1	6.955289841E-2
4.850496761E1	6.051292419E-2
4.854496761E1	-1.914427280E-1
4.858496828E1	-7.119989395E-2
4.863496794E1	2.763774872E-1
4.867496794E1	-9.563350677E-2
4.871496828E1	-2.113411427E-1
4.876496794E1	-3.501701355E-2
4.880496794E1	8.897471428E-2
4.884496828E1	2.413430214E-1
4.889496761E1	-1.760129929E-1
4.893496761E1	-1.136727333E-1
4.897496794E1	1.953547001E-1
4.902496761E1	3.220958710E-2
4.906496827E1	-2.623319626E-3
4.910496827E1	2.649688721E-2
4.915496794E1	-2.173215866E-1
4.919496794E1	-2.351157665E-1
4.923496827E1	3.310201168E-1
4.928496794E1	3.340358734E-1
4.932496827E1	-3.730118275E-1
4.937496760E1	-3.429634094E-1
4.941496760E1	3.847754002E-1
4.945496794E1	3.416819572E-1
4.949496794E1	-5.458688736E-2
4.954496760E1	-2.735342026E-1
4.958496794E1	-3.050668240E-1
4.963496760E1	4.460622787E-1
4.967496760E1	3.582432270E-1
4.971496793E1	-6.455600262E-1
4.976496760E1	4.499111176E-2
4.980496760E1	2.262749672E-1
4.985496757E1	-1.341241837E-1
4.990496723E1	-1.053066254E-2
4.994496723E1	4.819369316E-2
4.998496726E1	-9.220123291E-3
5.003496693E1	-3.462505341E-2
5.007496726E1	-2.615356445E-2
5.011496730E1	2.683997154E-2
5.015496730E1	1.468179226E-1
5.019496730E1	7.664132118E-2
5.023496763E1	-2.673327923E-1
5.028496760E1	1.033527374E-1
5.032496766E1	-1.050519943E-1
5.037496733E1	-3.932355881E-1
5.041496733E1	1.722598076E-1
5.045496766E1	6.885154247E-1
5.049496766E1	-3.346140385E-1
5.054496766E1	-4.554885864E-1
5.058496799E1	9.685754776E-2
5.062496826E1	6.190850735E-1
5.066496826E1	4.063076973E-1
5.070496892E1	-4.894986153E-1
5.074496892E1	-5.882654190E-1
5.079496859E1	1.199275970E-1
5.084496859E1	2.745424271E-1
5.089496826E1	-1.018045425E-1
5.094496792E1	-2.853309631E-1
5.098496826E1	-4.042196274E-2
5.103496825E1	4.826425552E-1
5.107496859E1	-3.418636322E-2
5.112496825E1	-3.098936081E-1
5.116496825E1	-1.761815548E-1
5.120496859E1	1.011190414E-1
5.124496859E1	-5.826401711E-2
5.129496825E1	2.470611572E-1
5.133496855E1	3.388984203E-1
5.138496822E1	-3.626022339E-1
5.142496855E1	-3.422648907E-1
5.146496858E1	1.512370110E-1
5.151496825E1	5.742776871E-1
5.155496825E1	-3.122630119E-1
5.159496858E1	-7.201533318E-1
5.164496828E1	-1.591644287E-2
5.168496828E1	6.194980145E-1
5.172496861E1	4.034810066E-1
5.176496891E1	-4.370012283E-1
5.180496891E1	-3.960423470E-1
5.184496925E1	1.093995571E-1
5.189496858E1	3.266122818E-1
5.194496825E1	-2.471513748E-1
5.198496858E1	-1.568472385E-1
5.203496821E1	8.947086334E-2
5.207496854E1	-2.861022949E-4
5.211496854E1	6.043934822E-2
5.215496854E1	2.798142433E-1
5.219496888E1	-8.369231224E-2
5.223496921E1	-2.727429867E-1
5.228496888E1	-2.630743027E-1
5.232496891E1	2.373149395E-1
5.237496854E1	3.888885498E-1
5.241496854E1	-2.771821022E-1
5.245496887E1	-3.887519836E-1
5.250496821E1	1.719589233E-2
5.254496854E1	6.142814159E-1
5.258496887E1	-7.975435257E-2
5.263496854E1	-6.137569427E-1
5.268496824E1	3.079378128E-1
5.272496857E1	5.227632523E-1
5.277496857E1	-3.602512360E-1
5.281496890E1	-4.170384407E-1
5.286496853E1	4.386119843E-1
5.290496887E1	2.678623199E-1
5.294496887E1	-5.564179420E-1
5.298496890E1	-2.491161823E-1
5.303496823E1	2.274538040E-1
5.307496857E1	3.612945080E-1
5.312496823E1	-1.357379913E-1
5.316496826E1	-3.109765053E-1
5.320496860E1	-6.439423561E-2
5.324496860E1	2.819797993E-1
5.328496890E1	8.937931061E-2
5.332496923E1	-2.808425426E-1
5.337496856E1	-2.844696045E-2
5.341496856E1	-6.568431854E-4
5.346496856E1	2.710233688E-1
5.351496819E1	6.803512573E-4
5.356496819E1	-3.310035706E-1
5.360496849E1	-1.336600780E-1
5.365496816E1	2.733152390E-1
5.369496816E1	6.906914711E-2
5.373496849E1	-1.273593903E-1
5.378496816E1	-1.422405243E-2
5.383496792E1	-1.770555496E-1
5.388496729E1	4.540136337E-1
5.392496729E1	-1.769237518E-1
5.396496762E1	-3.936333656E-1
5.401496729E1	9.833297729E-2
5.405496729E1	5.449485779E-2
5.409496762E1	-6.017279625E-2
5.414496755E1	-1.598091125E-2
5.418496789E1	-1.330626011E-1
5.422496822E1	-1.176857948E-2
5.427496789E1	2.088745117E-1
5.431496822E1	-1.800348759E-1
5.435496822E1	-6.505727768E-2
5.440496789E1	-1.753330231E-2
5.444496789E1	2.637715340E-1
5.449496758E1	-2.340717316E-1
5.454496725E1	-2.441057205E-1
5.459480058E1	2.136888504E-1
5.464463358E1	2.154569626E-1
5.469446724E1	-2.335966110E-1
5.474430057E1	-1.268339157E-1
5.479413404E1	3.251464844E-1
5.484396737E1	1.778926849E-1
5.488396737E1	-5.266284943E-1
5.492396770E1	-3.445544243E-1
5.496396770E1	4.072246552E-1
5.501396736E1	1.856695175E-1
5.505396753E1	-2.828104496E-1
5.510396736E1	-1.854272842E-1
5.514396736E1	1.390545368E-1
5.518396740E1	4.302427769E-1
5.523396706E1	6.097183228E-2
5.527396706E1	-3.660922050E-1
5.531396740E1	-4.973976612E-1
5.536396723E1	2.827802658E-1
5.540396723E1	2.473704815E-1
5.544396756E1	-3.799295425E-2
5.548396783E1	-2.273869514E-2
5.552396783E1	-1.593353748E-1
5.556396783E1	1.538050175E-1
5.561396749E1	7.189121246E-2
5.565396749E1	-1.215639114E-1
5.569396783E1	-3.888678551E-2
5.574396749E1	1.252899170E-2
5.579396736E1	-3.857648849E-1
5.583396736E1	3.066589832E-1
5.587396736E1	3.382196426E-1
5.591396736E1	-3.107571602E-1
5.595396769E1	-1.754815578E-1
5.600396736E1	2.651525497E-1
5.604396752E1	1.134135723E-1
5.609396736E1	-2.910741806E-1
5.613396736E1	1.262140274E-1
5.617396769E1	2.448945045E-1
5.621396769E1	-6.248426437E-1
5.626396736E1	-8.362426758E-2
5.630396752E1	6.733140945E-1
5.635396735E1	2.336481094E-1
5.639396735E1	-4.880387783E-1
5.643396769E1	-4.058027267E-1
5.648396742E1	2.462028503E-1
5.652396742E1	5.331294537E-1
5.656396758E1	-2.541270256E-1
5.661396742E1	-6.085361481E-1
5.665396742E1	-2.430553436E-1
5.669396775E1	7.016508579E-1
5.674396735E1	4.559274673E-1
5.678396752E1	-7.481806278E-1
5.682396752E1	-4.529292583E-1
5.687396735E1	5.011917114E-1
5.691396735E1	4.005546570E-1
5.695396768E1	-3.397173882E-1
5.700396735E1	-3.503793716E-1
5.704396751E1	9.429478645E-2
5.709396735E1	3.735918045E-1
5.713396735E1	-7.783341408E-2
5.717396768E1	-2.994771004E-1
5.721396768E1	-1.833090782E-1
5.726396735E1	1.978961945E-1
5.730396751E1	9.077739716E-2
5.735396734E1	-5.730190277E-2
5.739396734E1	-2.796139717E-1
5.743396768E1	9.868192673E-2
5.748396734E1	3.693895340E-1
5.752396734E1	-3.996348381E-1
5.756396751E1	-4.474806786E-1
5.761396734E1	1.036624908E-1
5.765396734E1	4.602158070E-1
5.769396768E1	1.344413757E-1
5.774396734E1	-3.671186447E-1
5.778396751E1	-1.637353897E-1
5.782396751E1	5.112867355E-1
5.787396734E1	1.288833618E-1
5.791396734E1	-1.050424576E-1
5.795396767E1	-2.186272144E-1
5.800396734E1	-2.887598038E-1
5.804396867E1	2.665519714E-2
5.809396851E1	2.435485840E-1
5.813396884E1	-1.330251694E-1
5.817396917E1	-3.561034203E-1
5.821396917E1	6.070733070E-2
5.826396884E1	3.069461823E-1
5.830396900E1	-1.205563545E-2
5.835396767E1	-2.754961014E-1
5.839396767E1	-1.986398697E-1
5.844396767E1	9.442386627E-2
5.849396733E1	3.795593262E-1
5.853396750E1	-1.126914024E-1
5.857396750E1	-3.318960667E-1
5.862396733E1	1.287178040E-1
5.866396733E1	3.306717873E-1
5.870396767E1	-3.245925903E-2
5.875396733E1	-2.384342194E-1
5.879396750E1	-1.745395660E-1
5.884396733E1	-2.608661652E-2
5.888396733E1	4.589743614E-1
5.892396766E1	-1.044850349E-1
5.896396766E1	-4.543645382E-1
5.901396733E1	4.529457092E-2
5.905396750E1	4.099864960E-1
5.910396733E1	-1.228961945E-2
5.914396733E1	-2.782442570E-1
5.918396766E1	-1.878445148E-1
5.923396733E1	6.732692719E-2
5.927396733E1	3.153247833E-1
5.931396749E1	-1.965389252E-1
5.936396733E1	-2.806570053E-1
5.940396733E1	2.360143661E-1
5.944396766E1	3.939280510E-1
5.949396733E1	-1.875696182E-1
5.953396749E1	-1.939134598E-1
5.957396749E1	1.777143478E-1
5.962396732E1	3.178081512E-2
5.966396732E1	-2.215116024E-1
5.970396736E1	-9.698486328E-2
5.975396702E1	6.721153259E-2
5.979396719E1	6.323742867E-2
5.984396702E1	-6.972904205E-2
5.988396702E1	6.399393082E-3
5.992396736E1	-1.020781994E-1
5.996396736E1	2.058839798E-2
6.000396766E1	1.395194530E-1
6.004396766E1	-2.976152897E-1
6.008396782E1	-2.760577202E-2
6.012396782E1	3.502714634E-1
6.016396782E1	1.761004925E-1
6.020396816E1	-3.635025024E-1
6.025396782E1	-1.868415833E-1
6.030396765E1	1.370466232E-1
6.034396765E1	9.389734268E-2
6.039396732E1	-1.476293564E-1
6.043396765E1	-1.356234550E-1
6.048396762E1	3.918874741E-1
6.052396762E1	9.865522385E-2
6.056396778E1	-3.489964008E-1
6.061396762E1	-1.424486160E-1
6.065396762E1	3.192420006E-1
6.069396795E1	1.275222301E-1
6.074396762E1	-3.207435608E-1
6.079396748E1	-2.397338867E-1
6.084396732E1	1.656147003E-1
6.088396732E1	2.435643673E-1
6.092396765E1	6.589388847E-2
6.096396765E1	-1.776280403E-1
6.101396731E1	4.750804901E-2
6.105396748E1	-1.216332912E-1
6.110396731E1	-1.494083405E-2
6.114396731E1	3.151106834E-1
6.118396765E1	-2.055299282E-1
6.123396731E1	-2.292446136E-1
6.127396731E1	4.337096214E-2
6.131396748E1	1.866908073E-1
6.136396731E1	5.401468277E-1
6.140396731E1	-2.177686691E-1
6.144396764E1	-7.772870064E-1
6.149396731E1	-3.407630920E-2
6.153396748E1	6.485826969E-1
6.157396748E1	-1.909897327E-1
6.162396731E1	-3.580778122E-1
6.166396731E1	1.395943165E-1
6.170396764E1	1.075174809E-1
6.175396731E1	3.113880157E-1
6.179396747E1	3.161835670E-2
6.184396731E1	-4.879358292E-1
6.188396731E1	-1.734559536E-1
6.192396764E1	3.405370712E-1
6.196396764E1	1.365265846E-1
6.201396731E1	-2.641971588E-1
6.205396747E1	-6.683349609E-2
6.210396731E1	1.284332275E-1
6.214396764E1	3.044047356E-1
6.218396797E1	-1.570639610E-1
6.223396764E1	-2.051942825E-1
6.227396764E1	-7.346630096E-3
6.231396780E1	-4.798865318E-2
6.236396764E1	2.311887741E-1
6.240396764E1	-7.232999802E-2
6.245396764E1	-2.372531891E-1
6.250396730E1	5.868701935E-2
6.254396747E1	-5.613112450E-2
6.259396730E1	-2.845325470E-1
6.263396730E1	9.690856934E-2
6.267396763E1	1.891624928E-1
6.271396763E1	2.419514656E-1
6.276396730E1	5.546438217E-1
6.280396747E1	-2.888140678E-1
6.285396730E1	-3.325864792E-1
6.289396730E1	8.856272697E-2
6.293396796E1	-9.773254395E-2
6.298396763E1	-1.905530930E-1
6.302396763E1	-1.763384342E-1
6.306396780E1	-2.348256111E-1
6.311396763E1	4.693204880E-1
6.315396763E1	9.086441994E-2
6.319396796E1	-2.947573662E-1
6.324396729E1	6.038761139E-2
6.328396746E1	1.826596260E-1
6.332396746E1	-3.431031704E-1
6.337396729E1	-3.152484894E-2
6.341396729E1	1.303923130E-1
6.345396763E1	-1.389038563E-1
6.350396729E1	-4.344329834E-2
6.354396746E1	2.787852287E-2
6.359396729E1	1.097782135E-1
6.363396729E1	1.709127426E-2
6.367396762E1	8.139824867E-2
6.371396762E1	1.212966442E-1
6.376396729E1	-1.894699097E-1
6.380396746E1	-1.192677021E-1
6.385396729E1	-2.303886414E-2
6.389396762E1	-1.061737537E-1
6.393396796E1	1.960232258E-1
6.398396762E1	9.810218811E-2
6.403396735E1	-1.805171967E-1
6.407396735E1	-1.344277859E-1
6.412396719E1	2.226600647E-1
6.416396719E1	-1.843237877E-2
6.421396688E1	-1.233329773E-1
6.426396655E1	-9.116001129E-2
6.430396688E1	5.537652969E-2
6.434396715E1	3.296515942E-1
6.438396715E1	-1.045322418E-1
6.442396748E1	-2.265281677E-1
6.446396748E1	7.414031029E-2
6.451396745E1	6.350879669E-2
6.455396745E1	-1.284332275E-1
6.460396712E1	-1.463731766E-1
6.464396712E1	2.404298782E-1
6.468396745E1	-1.140904427E-2
6.473396711E1	7.905387878E-3
6.477396711E1	5.188703537E-2
6.481396728E1	-4.141712189E-2
6.485396728E1	-5.056738853E-2
6.489396728E1	-1.782264709E-1
6.493396761E1	1.531486511E-1
6.498396728E1	4.129829407E-2
6.502396728E1	-2.696063519E-1
6.506396761E1	-1.021006107E-1
6.511396744E1	1.202667236E-1
6.515396744E1	2.692286968E-1
6.519396778E1	-3.738069534E-2
6.524396744E1	-1.997797012E-1
6.528396761E1	-1.394450665E-1
6.532396761E1	1.253168583E-1
6.537396728E1	-4.095191956E-2
6.541396728E1	-2.457013130E-1
6.545396761E1	4.194080830E-1
6.550396728E1	8.650398254E-3
6.554396744E1	-4.515318871E-1
6.559396727E1	5.898303986E-2
6.563396727E1	1.434161663E-1
6.567396761E1	2.236986160E-1
6.571396761E1	-2.112040520E-1
6.576396727E1	-4.686065674E-1
6.580396744E1	2.650544643E-1
6.585396727E1	5.742502213E-1
6.589396760E1	-1.458196640E-1
6.593396794E1	-6.704871655E-1
6.598396760E1	-5.813541412E-2
6.602396760E1	5.989260674E-1
6.606396760E1	2.021238804E-1
6.611396744E1	-4.646385193E-1
6.615396744E1	-1.021378040E-1
6.620396744E1	9.943332672E-2
6.625396710E1	-2.440719604E-2
6.629396727E1	3.432552814E-1
6.633396727E1	5.766415596E-2
6.637396727E1	-3.582308292E-1
6.641396727E1	1.062083244E-2
6.645396760E1	3.405582905E-1
6.650396727E1	-9.366683960E-2
6.654396743E1	-3.854370117E-1
6.658396760E1	-2.360601425E-1
6.662396760E1	6.530284882E-2
6.666396760E1	3.401315212E-1
6.670396793E1	3.889992237E-1
6.675396760E1	-4.173183441E-1
6.679396776E1	-5.700657368E-1
6.684396760E1	3.910739899E-1
6.689396726E1	4.455722809E-1
6.693396760E1	-2.695820332E-1
6.698396726E1	-2.164014816E-1
6.702396726E1	1.316730976E-1
6.706396743E1	3.248319626E-1
6.711396726E1	-1.268436432E-1
6.715396726E1	-4.113230705E-1
6.719396759E1	-2.097749710E-2
6.724396726E1	1.583086014E-1
6.728396743E1	2.142655849E-1
6.732396743E1	-2.697029114E-1
6.737396726E1	-1.909955978E-1
6.741396726E1	5.584993362E-1
6.745396759E1	5.325818062E-2
6.750396726E1	-5.828523636E-1
6.754396726E1	6.704101562E-1
6.759396709E1	6.021118164E-3
6.763396709E1	-1.122063875E0
6.767396742E1	6.012408733E-1
6.771396742E1	1.041990757E0
6.776396709E1	-6.884380341E-1
6.780396759E1	-3.385248184E-1
6.784396759E1	4.753060341E-1
6.788396759E1	2.025384903E-1
6.792396792E1	-3.529326916E-1
6.796396792E1	-2.337267399E-1
6.801396759E1	7.881221771E-2
6.805396775E1	4.624419212E-1
6.810396725E1	-1.330503464E-1
6.814396725E1	-3.590893745E-1
6.818396759E1	1.525473595E-2
6.823396725E1	-3.157711029E-2
6.827396725E1	3.893709183E-2
6.831396742E1	-1.418652534E-1
6.836396725E1	-2.635099411E-1
6.840396725E1	4.701132774E-1
6.844396758E1	5.415906906E-1
6.849396725E1	-3.073959351E-1
6.853396742E1	-8.577847481E-2
6.857396742E1	4.165840149E-2
6.862396725E1	-1.155715942E-1
6.866396725E1	-1.688320637E-1
6.870396728E1	-1.466767788E-1
6.875396695E1	1.446216583E-1
6.879396711E1	3.210437298E-1
6.884396695E1	-1.572057724E-1
6.888396695E1	-1.416380405E-1
6.892396728E1	-1.862072945E-2
6.896396728E1	2.021574974E-2
6.901396725E1	1.785907745E-1
6.905396725E1	-2.947587967E-1
6.910396708E1	-2.047416687E-1
6.914396708E1	2.683317661E-1
6.918396741E1	2.947552204E-1
6.923396708E1	-2.468591690E-1
6.927396708E1	-2.071628571E-1
6.931396724E1	3.477358818E-2
6.935396724E1	8.014893532E-2
6.939396724E1	7.235980034E-2
6.943396758E1	7.639169693E-3
6.948396724E1	-1.276142120E-1
6.952396724E1	6.105613708E-2
6.956396741E1	1.348392963E-1
6.961396724E1	6.067104340E-2
6.965396724E1	-1.712424755E-1
6.969396758E1	-1.118385792E-1
6.974396724E1	-7.478713989E-2
6.978396741E1	-3.848862648E-2
6.983383390E1	6.950855255E-2
6.988366724E1	1.458488464E-1
6.993350090E1	-5.904979706E-2
6.998333390E1	-1.056957245E-2
7.003316756E1	7.138423920E-2
7.008300072E1	-3.198236465E-1
7.013296739E1	-1.589965820E-3
7.017296772E1	3.282577991E-1
7.022296739E1	7.745227814E-2
7.026296739E1	8.296012878E-2
7.030296772E1	1.283209324E-1
7.035296739E1	-5.562591553E-2
7.039296772E1	2.851057053E-2
7.043296772E1	3.128697872E-1
7.048296739E1	3.314077377E-1
7.052296739E1	3.522386551E-1
7.056296772E1	9.448504448E-2
7.061296739E1	2.624969482E-1
7.065296772E1	7.268946171E-1
7.070296739E1	3.741539001E-1
7.074296738E1	1.060318947E-2
7.078296772E1	1.450440884E-1
7.082296772E1	6.348466873E-1
7.087296738E1	6.102378845E-1
7.091296745E1	4.943284988E-1
7.096296712E1	7.666559219E-1
7.100296712E1	6.049261093E-1
7.104296745E1	2.490041256E-1
7.109296712E1	3.975311279E-1
7.113296712E1	2.916758060E-1
7.117296745E1	2.191846371E-1
7.122296691E1	6.511396408E-1
7.126296691E1	3.520543575E-1
7.130296725E1	4.697647095E-1
7.135296691E1	7.718305588E-1
7.139296725E1	5.764331818E-1
7.143296725E1	2.103607655E-1
7.148296738E1	4.134347916E-1
7.152296738E1	4.040510654E-1
7.156296771E1	5.182697773E-1
7.161296771E1	3.287197113E-1
7.165296804E1	2.804586887E-1
7.170296771E1	6.628841400E-1
7.174296771E1	6.015017033E-1
7.178296804E1	4.543340206E-1
7.182296804E1	5.571372509E-1
7.187296771E1	5.611557007E-1
7.192296771E1	4.022153854E-1
7.197296737E1	3.317073822E-1
7.201296737E1	4.106888771E-1
7.205296771E1	4.787127972E-1
7.210296737E1	3.268442154E-1
7.214296770E1	2.295303345E-1
7.218296771E1	4.009158611E-1
7.223296737E1	4.187498093E-1
7.227296737E1	3.791079521E-1
7.231296770E1	3.175399303E-1
7.236296737E1	2.030097961E-1
7.240296744E1	2.069339752E-1
7.245296710E1	1.777503967E-1
7.249296710E1	1.026988029E-1
7.253296744E1	1.019034386E-1
7.257296744E1	9.848070145E-2
7.262296710E1	3.068910599E-1
7.266296743E1	1.307954788E-1
7.271296737E1	1.312026978E-1
7.275296737E1	1.355223656E-1
7.279296770E1	1.970243454E-2
7.284296737E1	1.634031296E-1
7.288296737E1	1.002697945E-1
7.292296770E1	1.277759075E-1
7.297296736E1	9.171886444E-2
7.301296737E1	8.690118790E-3
7.305296770E1	-7.541990280E-2
7.310296736E1	9.183654785E-2
7.314296770E1	1.235589981E-1
7.318296770E1	1.044955254E-1
7.323296770E1	4.005107880E-2
7.327296770E1	-2.021095753E-1
7.331296803E1	-2.606558800E-2
7.336296770E1	2.907241821E-1
7.340296803E1	-2.596735954E-2
7.345296769E1	-7.317543030E-2
7.349296769E1	1.272785664E-1
7.354296743E1	1.936227798E-1
7.359296709E1	-9.264793396E-2
7.363296709E1	-8.947563171E-2
7.367296743E1	5.163240433E-2
7.372296709E1	6.960029602E-2
7.376296709E1	8.706331253E-3
7.380296742E1	-2.700328827E-3
7.385296736E1	-1.811447144E-2
7.389296742E1	-1.034421921E-1
7.393296742E1	1.056165695E-1
7.398296709E1	7.254753113E-2
7.402296709E1	-1.363713741E-1
7.406296742E1	-1.885247231E-2
7.411296709E1	1.315502167E-1
7.415296742E1	7.266998291E-4
7.420296735E1	-1.028263092E-1
7.424296735E1	4.490280151E-2
7.428296769E1	8.667421341E-2
7.432296769E1	3.673863411E-2
7.437296735E1	-9.911861420E-2
7.441296769E1	-8.555889130E-3
7.446296735E1	-2.411899567E-2
7.450296735E1	-8.177971840E-2
7.454296769E1	9.543156624E-2
7.459280102E1	-5.908584595E-3
7.464263468E1	-9.887180328E-2
7.469246768E1	9.986228943E-2
7.474230134E1	-7.355365753E-2
7.479213497E1	-3.871173859E-2
7.484196830E1	9.165000916E-2
7.489196827E1	9.326972961E-2
7.494196793E1	3.226337433E-2
7.498196793E1	-2.774870396E-1
7.502196827E1	8.485841751E-2
7.507196763E1	8.657169342E-2
7.511196793E1	-7.904458046E-2
7.516196730E1	-1.701946259E-2
7.520196763E1	-2.559161186E-2
7.524196763E1	-1.868796349E-2
7.528196766E1	5.812835693E-2
7.533196733E1	-3.704891205E-2
7.537196763E1	-7.716035843E-2
7.542196733E1	9.868755341E-2
7.546196733E1	-7.667064667E-2
7.551196733E1	4.428482056E-2
7.555196763E1	5.812644958E-3
7.559196796E1	-7.188582420E-2
7.563196826E1	-7.445549965E-2
7.568196796E1	-1.916522980E-2
7.572196796E1	9.507369995E-2
7.576196830E1	-5.140066147E-3
7.581196796E1	5.041503906E-3
7.586196793E1	-3.891906738E-2
7.591196729E1	-6.817550659E-2
7.595196729E1	4.679203033E-2
7.599196729E1	3.247761726E-2
7.603196763E1	-7.092571259E-2
7.608196729E1	2.447566986E-2
7.612196759E1	-3.291893005E-2
7.617196729E1	-5.645332336E-2
7.621196729E1	-4.926443100E-3
7.625196762E1	2.575635910E-3
7.629196762E1	-2.336597443E-2
7.634196729E1	-5.190830231E-2
7.638196759E1	3.201150894E-2
7.643196729E1	-3.026790619E-2
7.647196729E1	-2.124309540E-4
7.651196762E1	-4.280042648E-2
7.656196729E1	5.797748566E-2
7.660196729E1	-3.874015808E-2
7.664196759E1	5.882835388E-2
7.669196729E1	-2.817573547E-2
7.673196729E1	-5.330705643E-2
7.677196762E1	-6.068682671E-2
7.682196729E1	2.370624542E-2
7.686196759E1	5.868363380E-2
7.690196759E1	-1.624028683E-1
7.695196729E1	5.127315521E-2
7.699196729E1	8.581399918E-3
7.703196762E1	-3.223323822E-2
7.708196729E1	3.009681702E-2
7.712196759E1	3.368234634E-2
7.717196729E1	-1.280567169E-1
7.721196729E1	1.648116112E-2
7.725196762E1	9.526824951E-2
7.729196762E1	-1.261875629E-1
7.734196729E1	-3.600425720E-2
7.738196759E1	7.150220871E-2
7.743196729E1	-3.107757568E-2
7.747196729E1	2.314972878E-2
7.751196762E1	6.061673164E-2
7.756196729E1	-1.109853745E-1
7.760196729E1	1.782369614E-2
7.764196762E1	-2.593612671E-2
7.769196732E1	1.468925476E-2
7.773196732E1	7.475996017E-2
7.777196765E1	-7.812333107E-2
7.782196765E1	4.211997986E-3
7.786196828E1	-8.031010628E-2
7.790196828E1	-4.410862923E-2
7.794196828E1	4.242134094E-2
7.798196862E1	-2.686500549E-2
7.802196895E1	-7.630109787E-3
7.807196862E1	-6.872959137E-2
7.812196858E1	2.160072327E-3
7.817196825E1	1.110763550E-2
7.821196825E1	-1.012115479E-1
7.825196858E1	4.205226898E-2
7.829196858E1	3.163099289E-3
7.834196858E1	7.888755798E-2
7.838196888E1	-5.459094048E-2
7.843196858E1	1.668109894E-2
7.848196828E1	-4.515075684E-2
7.852196861E1	-3.688097000E-2
7.857196795E1	9.450874329E-2
7.861196824E1	1.896142960E-3
7.866196791E1	3.214397430E-2
7.870196824E1	-4.744458199E-2
7.874196824E1	1.264762878E-2
7.878196828E1	1.704216003E-2
7.883196761E1	-7.522335052E-2
7.887196791E1	4.153442383E-2
7.892196761E1	-6.153106689E-3
7.897196731E1	-1.919593811E-2
7.901196761E1	1.503467560E-2
7.905196788E1	-7.515883446E-2
7.909196788E1	-5.555725098E-2
7.913196821E1	3.056597710E-2
7.918196791E1	6.610679626E-3
7.922196791E1	-3.431224823E-2
7.927196787E1	4.536762238E-2
7.932196757E1	-3.957519531E-2
7.936196791E1	-8.897113800E-2
7.940196791E1	-6.404495239E-2
7.945196757E1	6.659717560E-2
7.949196791E1	-2.070760727E-2
7.953196860E1	-4.857683182E-2
7.958196827E1	-2.362289429E-2
7.963196824E1	-4.355239868E-3
7.968196790E1	-2.621212006E-2
7.972196824E1	-3.345799446E-2
7.976196857E1	-1.131582260E-2
7.981180157E1	-3.179168701E-3
7.986163523E1	-4.106731415E-2
7.991146826E1	-5.853347778E-2
7.996130129E1	1.516666412E-2
8.001113495E1	1.666259766E-2
8.006096795E1	2.654418945E-2
8.010096795E1	-4.273414612E-3
8.015096792E1	-9.595069885E-2
8.019096825E1	-3.925871849E-2
8.023096858E1	1.662845612E-1
8.028096825E1	-3.829479218E-2
8.033096792E1	1.921846390E-1
8.038096758E1	-1.593362808E-1
8.042096758E1	-1.870942116E-1
8.046096761E1	-1.136591434E-1
8.050096795E1	4.039144516E-2
8.055096795E1	-2.189655304E-2
8.059096795E1	7.785964012E-2
8.063096795E1	2.087378502E-2
8.067096795E1	1.787853241E-2
8.071096795E1	-4.599404335E-2
8.075096828E1	-3.201484680E-2
8.080096795E1	3.719882965E-2
8.084096794E1	-1.547479630E-1
8.088096795E1	2.032017708E-2
8.092096794E1	9.721469879E-2
8.096096795E1	5.820012093E-2
8.100096828E1	-9.161472321E-2
8.105096761E1	2.856807709E-2
8.110096728E1	-2.096862793E-2
8.114096728E1	-4.701399803E-2
8.119096724E1	4.439544678E-3
8.123096791E1	6.320405006E-2
8.128090124E1	-8.459949493E-2
8.133073490E1	4.243888855E-2
8.138056823E1	3.481216431E-2
8.143040156E1	-4.724388123E-2
8.148023493E1	5.715942383E-3
8.153006793E1	-1.332208633E-1
8.157996826E1	6.793975830E-4
8.161996826E1	2.858090401E-2
8.165996826E1	-3.904700279E-2
8.169996859E1	-2.369427681E-2
8.174996826E1	9.992389679E-2
8.178996826E1	-4.289555550E-2
8.183996825E1	-8.057956696E-2
8.188996792E1	-1.077651978E-3
8.192996792E1	-7.500958443E-2
8.196996825E1	-3.660035133E-2
8.200996825E1	6.052041054E-2
8.204996859E1	1.313259602E-1
8.208996892E1	2.115416527E-2
8.213996858E1	-7.528800964E-2
8.218996858E1	-4.791812897E-2
8.223996822E1	1.801033020E-2
8.227996822E1	1.637678146E-1
8.232996822E1	8.449649811E-2
8.236996822E1	2.214250565E-1
8.241996821E1	-1.069978809E0
8.245996855E1	6.768953800E-1
8.250996821E1	1.034902573E-1
